"origin"	"dest"	"count"
2989590	361058	1
361058	361058	3756
3016970	3016970	1
3016970	361058	1
3000174	3030300	1
3030300	361055	3
3038638	3038638	7
3038638	361058	13
2988507	361058	190
2972328	361058	86
2485926	2475687	1
2475687	360630	44
360630	360630	2049
3003796	360630	6
360630	361058	75
2995469	361058	352
2995469	2995469	208
2995469	360630	171
3022214	361058	1
2490098	360630	4
2506999	360630	7
3031939	2503769	1
2503769	359796	3
2996944	359796	15
2981441	2995469	1
3017253	3017253	1
3017253	361058	1
2998324	358619	2
358619	358619	647
2507480	360610	1
3022076	361058	1
2990263	361058	1
3026941	361058	1
3030300	361058	25
358048	361058	7
3003148	360630	4
3013793	360630	7
3026262	359796	1
359796	359796	520
2973393	361058	6
745044	360630	10
745044	361058	12
2992778	360630	2
3031582	361058	13
3034640	1566083	1
1566083	358619	3
3034640	361058	11
146669	361058	2
146400	361058	4
2967393	360630	1
3009566	361058	2
2991179	361058	1
3022837	361058	1
170063	170063	1
170063	361058	1
3031005	360630	1
2973362	359796	1
2967728	358619	1
351277	361055	1
361055	361055	133
3034911	3034911	2
3034911	360630	2
3013500	361058	1
3006797	358619	3
2659587	360630	1
2501152	361058	10
2479536	361058	7
3868626	361058	1
2481700	361058	1
2972328	359796	26
3034640	358619	9
358619	359796	7
3034640	2520600	1
2520600	361058	1
6299495	361058	1
2968748	361058	3
2990363	361058	15
3038354	361058	15
3035681	361058	18
3018074	359796	1
2991879	361058	1
2995469	359796	66
2977214	361058	1
2464470	2464470	1
2464470	2995469	1
3007174	361058	1
3038483	358619	1
3034338	3034338	2
3034338	2988507	2
2988507	358619	41
358619	360630	19
2988507	359783	2
2995607	360630	3
3028808	359796	1
2985450	2985450	1
2985450	359796	1
3014358	361058	1
2978402	358619	1
2510769	360630	2
3023387	1566083	1
1566083	359796	50
3028722	3028722	1
3028722	361058	1
3038638	2995469	2
359796	358619	8
358619	360610	1
3035991	361058	1
2988507	360630	215
2972315	358619	3
3037051	360630	2
3023414	358619	1
2993379	358619	1
2986140	361058	1
2997336	1819729	1
1819729	359796	2
3026204	361055	1
2982757	358619	1
2507480	360630	78
360630	2507480	2
311046	361058	37
2990474	361058	3
3006414	361058	12
2995469	2988507	2
358619	361055	7
2995469	361055	14
2995469	358619	76
2988507	361055	21
3038590	358619	1
2496049	360630	1
2997736	360630	1
3035681	3035681	4
3035681	360630	6
3006414	358619	7
2986610	361058	1
2971053	2971053	2
3028185	361058	1
361058	360630	88
2976258	2995469	2
3005326	359796	1
3035843	3035843	2
3035843	7498240	1
361058	358619	13
3183089	360630	1
3002585	360630	1
3012856	360630	3
3012856	361058	5
3035661	1796236	1
1796236	359796	1
2977719	2977719	1
2977719	361058	1
3015119	358619	1
2967693	361055	1
361055	361058	57
2988507	2988507	99
2985286	6453658	1
6453658	359796	1
3036784	1566083	1
2986306	360630	1
2975349	361058	1
2996944	360630	47
6620223	6620223	2
6620223	359796	2
359783	360630	11
3013793	3013793	1
359783	359783	2
6299393	361055	1
2501152	360630	22
2992890	359796	2
3024635	358619	2
2972328	2972328	69
2993160	360630	1
3012937	359796	1
3035597	359796	1
2995387	2995469	1
3026610	2988507	1
360610	361058	7
2589581	360630	14
2507480	361055	5
361055	358619	12
2973259	358619	1
2988507	358048	4
2990440	361058	8
3034382	360630	5
3031582	360630	9
3031582	359796	3
3004433	361058	1
2976899	360630	1
2992984	361058	2
2992489	361058	1
2998127	1566083	1
2999180	2995469	1
2977295	361058	5
2997933	360630	1
3006699	358619	1
2980152	2980152	1
2980152	361058	1
2976258	361058	2
3013500	2974733	1
2974733	361058	8
3003650	3003650	4
3003650	361058	5
3167022	361058	1
3029256	361058	1
3000329	360630	1
2997148	361058	1
3038354	358619	2
2971549	2971549	1
2971549	359796	1
2975469	359796	1
3010025	359796	21
3008285	359796	1
3020850	361058	6
3020850	3020850	8
3017651	3010025	1
3019265	358619	1
2997767	3007680	1
3007680	360630	3
2969679	360630	4
2970295	361058	1
3028185	359796	1
2969478	359796	2
2996944	361058	53
3030300	3030300	10
3030300	359796	16
3010025	361058	10
3005326	358619	2
2997380	3027484	1
3027484	359796	2
3026686	361058	1
2991026	361058	1
2998396	358619	1
2969958	361058	2
2990969	354365	1
255274	360630	1
3032833	3032833	2
3032833	361058	5
3025943	3025943	1
3025943	359796	1
2986109	2986109	9
2986109	361058	11
3024534	3024534	1
3024534	361058	1
3011252	358619	1
2992166	359796	2
3020916	361055	1
361055	360630	11
2972315	361058	10
2993551	361058	1
2990264	1566083	1
2997547	361058	2
3014728	361058	11
3011385	358048	1
3011385	2972749	1
2998292	361058	1
2974427	361058	2
3028542	360630	4
3006414	359796	10
2974733	359796	3
3128026	361058	1
2978563	361055	1
3014477	361058	2
2993801	361058	1
3028487	361058	1
2990474	2990474	1
2990474	360630	2
2990474	359493	1
3029800	3029800	2
3029800	359796	4
3029800	358619	3
734330	360630	1
2983276	1808926	1
1808926	359796	1
2782113	358619	1
2991214	361055	2
3027371	359796	1
2986647	361058	1
2998417	2998417	1
2998417	359796	1
7287221	358619	1
163843	360630	1
2990440	360630	15
3024937	360630	1
2992166	361058	11
2984551	361058	1
2988507	1566083	5
2990969	359796	8
2972937	1566083	1
3032821	360630	1
2996944	358619	9
3014728	360630	9
3032833	358619	2
2658434	360630	6
3035498	2997577	1
2997577	361058	10
3035843	359796	1
3024297	361058	6
3031582	2988507	1
2990363	358619	4
2995469	360610	3
2976551	360630	1
2988507	359796	46
2972315	2972315	9
2972315	360630	5
3004378	361058	1
3004306	359796	1
745044	719819	1
719819	360630	1
3011286	361058	1
2980091	361058	1
3036938	361055	2
2464470	360630	3
2210247	361058	3
337996	360630	1
3028263	358619	3
360686	360630	3
2981628	360610	1
662112	2995469	1
2979309	361058	1
2979283	358619	1
2979839	361058	1
3006202	360630	1
2985462	358619	1
2994248	360630	1
2971673	361058	2
3034918	361058	1
3022690	358619	1
2572968	361058	1
2970463	361055	2
3006509	358619	1
3021263	2501152	1
2501152	2501152	5
2501152	360686	1
360686	360686	3
3021263	361058	2
6613933	6613933	1
6613933	359796	1
3019585	361058	2
3013916	3013916	1
3013916	359796	1
2992890	361058	3
3033430	361058	1
3036938	361058	14
3035014	3035014	1
3035014	359796	1
3181928	3181928	3
3181928	360630	3
2974743	1566083	1
3020131	3020131	1
3020131	358619	1
3038186	2971053	1
2971053	359796	1
3025574	361058	1
3034985	3034985	1
3034985	361058	2
2984242	2984242	1
2984242	360630	1
2997414	2998264	1
2998264	360630	7
2998264	2998264	4
2998264	2988507	1
2983735	361058	1
3024746	360630	1
3010653	358619	1
2985850	359796	1
2507480	359796	10
2989590	3017382	1
3017382	359796	1
11821021	360630	1
3036938	360630	8
2842632	361058	1
2967325	360630	1
3034640	359796	6
3034640	358048	2
3038334	3038334	10
3038334	360630	12
3038334	358619	7
3038334	361058	3
2507480	361058	53
2987967	2987967	1
2987967	361058	4
2990440	358619	1
2977065	2995469	1
2967325	361058	1
6620225	361058	1
2982088	361058	1
2992035	361058	1
3030057	361058	3
358619	361058	37
3023763	360630	6
3031089	361058	1
2979839	2968866	1
2968866	359796	1
2976134	2976134	2
2976134	360630	2
3036433	361058	6
3022158	3022158	1
3022158	359796	1
2971483	360630	1
3029563	360630	2
2983825	361058	1
3035304	360630	1
359796	360630	15
2969679	2988507	2
2969679	359796	1
3010315	359796	2
2991741	2998127	1
2998127	361058	6
2998286	360630	3
3013793	361058	5
3030733	360630	1
3174530	360630	2
3036601	361058	2
2988285	358619	1
3017192	3017192	1
3017192	359796	1
2988507	3037397	1
3037397	359796	1
3008206	1848354	1
1848354	361058	1
3014784	3037287	1
3037287	359796	2
2969694	2969692	1
2969692	361058	2
2985999	361058	1
2989460	360630	2
2990970	360630	1
2990272	361058	2
2992274	361058	1
2503769	360630	1
11281948	361058	1
2993002	361058	4
2989957	1566083	1
3037167	360630	2
3037167	3037167	3
3037167	2972857	1
2972857	360630	1
3028542	2995469	1
2999649	360630	1
2980291	361055	1
3036781	358619	1
3013864	3013864	1
3013864	361058	1
2505865	361058	1
2992166	358619	3
2995469	2990919	1
2990919	360630	3
2975964	361058	1
2982809	358619	1
3028390	361058	1
2981522	2981522	1
2981522	359796	1
6694620	361058	2
2972328	360630	16
360630	359783	3
359796	361058	27
361058	359796	15
3006414	3006414	5
3026073	358619	1
6441515	2982636	1
2982636	359796	2
3016702	361058	9
2985849	360630	1
2992771	2992771	1
2992771	361058	1
2998129	361058	1
3035475	3035475	1
3035475	359796	1
2661265	2988507	1
2487134	360630	5
360630	361055	7
2987893	359796	2
2485926	360630	21
2589581	2589581	2
2500017	2500017	1
2500017	360630	1
2507480	2507480	19
2574024	360630	1
2998333	361058	1
2488835	361058	1
2988670	361058	4
2485926	2485926	5
361320	361320	2
2497988	361320	1
361320	360630	3
3034640	3034640	12
2973362	1566083	1
2484952	2498611	1
2498611	361058	1
2487134	2487134	2
2487134	361058	2
2485926	361058	3
2503826	361058	2
2485845	360630	1
2488500	360630	1
2990440	1566083	1
528293	360630	1
2507480	358619	12
2484979	361058	1
146669	358619	1
2976742	361058	6
3026205	3026204	1
3026204	361058	1
2996944	2996944	28
293397	361058	2
146669	360630	1
293397	293397	1
2974710	359796	1
2988507	2969679	1
3004630	360630	1
2992584	360630	1
3001644	360630	1
3005532	359796	1
2975553	361058	1
3021670	3021670	1
3021670	359796	1
2998011	2998011	1
2998011	359796	1
2797656	7034869	1
7034869	358619	1
3020996	361058	5
6455948	358619	1
2523920	360630	2
260114	361058	5
3029859	361058	1
3034475	360630	2
2998059	361058	1
3036433	3036433	2
294098	360630	1
3030142	3016702	1
3016702	360630	3
361937	360630	5
3026648	361058	1
3003297	361058	1
3015903	361058	1
3015610	360630	1
2995387	361058	1
3028644	359796	1
3025480	3025480	1
3025480	361058	1
2968781	2968781	1
2968781	359796	1
2994675	361058	1
3028431	361058	7
3035260	361058	1
3017690	361058	1
2987259	360630	3
2987259	2987259	2
2991799	3035681	1
3026013	361058	1
2981282	358619	1
3032213	361058	1
2973994	360166	1
360166	361058	2
3038180	359796	1
3026205	361058	1
3570675	935616	1
935616	361058	1
2981447	361058	1
2980291	359796	3
3012715	2995469	1
2992274	2992274	1
2992274	359796	1
3570675	361058	1
2990612	2988507	1
2982652	2982652	2
2982652	360630	3
2985290	358619	1
3019376	3013258	1
3013258	361058	1
2997311	3034802	1
3034802	359710	1
2997569	361055	2
361058	361055	10
276781	276781	4
276781	361058	7
3010527	361058	1
2981462	2995469	1
2981227	361055	1
3029041	361058	1
3022242	3022242	1
3022242	361058	3
3024297	359796	1
2983770	361058	1
3034475	361058	4
3033955	361058	1
3016348	3016348	1
3016348	358619	1
2968703	2968703	1
2968703	359796	1
3037598	361058	1
3030740	361058	1
3028985	359796	1
3021221	3021221	2
3021221	359796	1
3026758	3026758	1
3026758	359796	1
2972339	360630	1
2634895	361058	1
3022611	359796	1
2985947	360630	4
2992469	361058	1
2973385	361055	1
3026827	361058	1
2998731	361058	1
2969958	361055	1
2969958	359796	2
2969958	2969958	1
3035471	361055	1
2976711	360630	1
3020283	3020283	1
3020283	359796	1
2986662	361058	1
3019960	361058	1
3012937	360630	2
2988507	3003796	1
2980325	358619	1
2986655	361058	2
2987562	2987562	1
2987562	361058	1
1573261	358619	1
2660718	360630	1
2980045	361055	1
2981754	2981754	1
2981754	361058	1
3165185	3165185	3
2986761	2986761	1
2986761	361058	1
2976691	2976691	1
2976691	361058	1
2980045	359796	1
3012655	358619	1
3014728	2995469	1
2995469	350203	1
2977638	361058	3
3005866	358619	1
3029241	359796	1
2996180	359796	1
2472350	361058	7
2995469	360946	1
360946	361058	4
3017382	360630	14
2992852	361058	1
2975349	360630	2
3028134	3036938	1
350173	358619	1
3013586	2988507	1
358619	351481	1
3013872	360630	1
3021626	359796	1
2562305	359796	1
3019430	2998797	1
2998797	359796	1
3031290	361058	1
3027505	359796	1
3018455	358619	1
3030985	2996944	1
2971053	360630	4
2971053	361058	9
3005705	2988507	1
3016097	3016097	1
3016097	361058	1
3033074	360630	1
3020152	360630	1
2998324	2998324	1
2998324	361058	6
3016730	3016730	1
3016730	361058	1
3035681	359796	3
2971401	360630	1
2992166	360630	3
2992166	2992166	2
2991214	360630	7
3035568	361055	1
3017671	361058	1
2972328	358619	10
3033123	361058	7
3031549	361058	1
2995469	3007680	1
3007680	2995469	1
3022977	359796	1
3176219	361058	1
2658434	361058	4
3030300	2995469	1
3025466	361058	5
3033913	361058	2
2523920	361058	3
3001182	3001182	1
3001182	359796	1
2988744	361055	1
2981209	2981209	9
2981209	360630	4
6620225	358619	4
2987914	361058	4
3005825	3005825	2
3005825	360630	2
2971482	2995469	1
2490098	361058	1
2996944	349076	1
349076	360630	1
3028431	3028431	10
252853	361058	6
305359	361058	1
311046	360630	9
3022152	358619	1
3022152	3022152	2
3022152	359796	1
3007881	360686	1
3014803	361058	2
2988507	2972328	2
2485926	358619	2
2967758	361055	2
361055	359796	9
3023424	360630	1
2991969	3036938	1
3036938	358619	2
2976964	2976964	1
2976964	360630	2
3003493	361058	4
3016358	361058	2
2988507	2995469	3
2975924	361058	1
3036418	360630	3
3009196	3009196	1
3009196	361055	1
2979694	358619	1
3024440	3024440	3
3024440	361058	1
2994798	360630	2
3010720	3010720	1
3010720	3038354	1
3038354	2995469	5
3010720	360630	1
3010720	361055	1
2969291	358619	1
3024932	361058	1
2985376	359796	1
3026074	361058	1
2986650	361058	1
3022152	361058	1
3026204	3025412	1
3025412	359796	1
2979648	358619	1
3030300	358619	8
3023414	359796	4
3009819	361058	2
3018323	361058	3
2660076	360630	1
2969532	361058	1
3009056	360630	1
357994	361058	3
3014192	3014192	1
3014192	359796	1
3033132	3033132	1
3033132	360630	1
3035134	3035134	1
3035134	361058	1
2995469	2501152	1
2501152	359796	3
2991772	2991772	1
2991772	361058	2
2969160	360630	1
3036335	358619	1
772636	361055	1
2974188	360630	2
2989877	359796	1
361058	360821	1
3003127	360630	1
2992303	359796	1
2978333	359796	1
2998286	361058	4
3024314	361055	2
3024635	361058	5
3010267	360630	1
2989715	358619	1
2998811	361058	2
2974809	361058	1
2979475	360630	1
2970978	360630	1
2978760	361058	2
2978760	2978760	2
2996180	360630	1
3028431	360630	1
2976792	3037287	1
2997511	361058	2
2475687	2475687	7
2487620	360630	1
170654	360630	1
2990205	358619	1
2986109	360630	9
3035062	3035062	1
3035062	359796	1
2968079	361058	1
3003603	361058	2
2980002	360630	1
2982169	361058	3
2968261	361058	1
2986756	2986756	1
2986756	361058	1
2999619	358619	1
3002237	361058	1
3037051	361058	1
3022856	361058	2
3009879	359796	2
3017569	3017569	1
3017569	2996032	1
2996032	2988507	1
2981742	2981742	1
2981742	361058	1
2981382	2994935	1
2994935	359796	2
3008916	3008916	1
3008916	359796	1
2974689	359796	1
2968104	361058	1
2976742	2976742	2
2976663	361058	1
3006770	359796	2
3026158	3026158	1
3026158	358619	1
3020307	360630	1
2983165	361058	1
2984361	2984361	1
2984361	361058	1
2975050	358619	2
3173435	360630	1
3028641	361058	8
3022977	358619	1
2986624	361058	1
3033099	361058	1
2984489	2988507	1
2995725	2995725	1
2995725	360630	1
2990140	361055	1
2987863	2987863	2
2987863	361058	1
3024797	3024797	1
3024797	361058	1
2997332	360630	1
3570529	361058	2
3018238	3018238	3
3018238	361058	3
3023410	3023410	1
3023410	360630	2
261745	361058	3
933965	361058	1
3020996	3030300	1
3024273	2980676	1
2980676	361058	3
2658822	360630	1
756135	2988507	1
3037396	3037396	1
3037396	361058	1
3028976	3035681	1
2983276	361058	1
2659994	358619	1
3024597	2995469	1
2968153	2968153	1
2968153	359796	1
2990611	2988507	1
2790869	360630	1
2481700	359796	2
2995699	2995699	1
2995699	359796	1
2976472	361058	1
2996234	359796	1
2980291	358619	2
2992703	361058	4
3021382	361058	2
3016348	361058	1
2986946	361058	1
3016274	3016274	3
3016274	361058	1
252920	361058	1
252919	358619	1
2997143	360630	1
2998324	360630	4
2994935	361058	2
3031020	361058	3
3036338	361058	1
3007950	360630	1
2975593	358619	1
2997457	359796	1
2982652	361058	6
2982652	359796	3
3037821	361058	1
2972743	360630	1
2994106	360630	2
2507480	2995469	2
6529336	361058	5
6529336	6529336	1
3010974	361058	1
3165185	361058	5
2995469	361937	1
361937	361937	1
2977542	361058	1
2968180	359796	1
2973355	359796	1
3019465	361058	1
2990969	361058	5
3024691	359796	1
3033391	361058	1
2972015	361058	2
2968272	359796	1
2996995	3030939	1
3030939	361058	1
2993875	361058	3
2643743	359796	1
2960429	360630	1
2993026	360630	1
3009494	361058	1
3012715	360630	1
3038354	359796	2
2977214	2977214	2
2977214	359796	2
2986066	361058	2
3178197	358619	1
3012647	2503826	1
2503826	350767	1
2973783	361058	5
3026062	361058	2
3026039	360630	1
2995469	358840	1
2994048	361055	1
2996944	361055	13
2974640	361055	1
2998545	361058	3
6299587	360630	1
6299587	358619	1
2524170	360630	1
379252	360630	5
2979303	379252	1
2978991	2978991	1
2978991	359796	1
2986227	361058	1
3013663	359796	1
3018450	360630	2
2971774	359796	1
2971774	361058	1
3038350	361058	1
3006056	361058	3
3027470	3027470	1
3027470	359796	1
2978267	361058	1
2992938	2992938	1
2992938	359796	1
3031284	360630	6
2984374	360630	1
3020781	3031284	1
3011630	3011630	1
3011630	359796	1
6617426	361058	1
358448	361058	4
3010222	361058	1
3018174	360630	2
2994160	362277	1
2994160	360630	4
2974899	361058	1
3010653	3004438	1
3004438	361058	1
2989317	361058	1
2988305	360630	1
3027565	359796	1
3020323	360630	1
2978097	2978097	1
2978097	359796	1
3175395	361058	11
3165524	360630	1
3164614	2972328	1
2976341	360761	1
360761	361058	2
3026401	361058	1
2968064	361058	1
361058	358048	1
2993693	361058	1
2998718	2998718	1
2998718	361055	1
2972350	358619	1
2989263	734077	1
734077	361058	2
3036433	358619	1
2979679	361058	5
3024631	361058	1
3016824	361058	1
2976707	2976707	1
2976707	361058	1
2996944	2140433	1
2977144	360610	1
3023547	2995469	1
3023547	361058	1
3028400	3028400	1
3028400	361058	1
3117735	1701668	1
1701668	359796	2
3175395	360630	8
3037943	3037943	1
3037943	2993875	1
2993875	360630	3
360630	359796	6
2980620	361058	1
3037879	359796	1
2979237	2980886	1
2980886	360630	1
2979237	359796	1
3029516	361058	1
3023517	360630	1
3038334	359796	6
3034640	360630	5
3012652	361058	1
3011010	3011010	1
3011010	361058	1
2994871	361058	1
3027804	3027804	1
3027804	360630	2
3038634	361058	1
2997340	3004418	1
3004418	359796	1
2973385	361058	1
2978758	361055	1
3035359	3035359	1
3035359	359796	1
2976341	361937	1
3020996	359796	4
2562770	2562770	3
2562770	361058	4
3007100	3007100	1
3007100	360630	1
2970962	361058	1
2969421	2969421	1
2969421	361058	1
2653261	359796	1
2986664	2986664	1
2986664	361058	1
2661202	360630	1
2967769	361058	1
2759794	359796	1
3030102	3030102	2
3030102	359796	2
2995471	361058	1
3033625	361058	1
2985000	359796	1
2991429	2991429	1
2991429	360630	1
2995971	2988507	1
2990969	360630	2
349484	361058	1
2988507	3030300	1
3003796	2984114	2
2984114	2984114	3
2984114	3003796	1
2984114	360630	1
3007858	359796	1
2972206	361058	1
2976377	361055	1
2993647	359796	2
2968054	361058	2
2967758	359796	2
2978566	360630	2
3037167	358619	3
2975798	361055	1
2980430	359796	2
3174530	358619	1
3026827	359796	1
2979579	360630	1
2989569	3036633	1
3036633	360630	1
2974821	2974821	1
2974821	360630	1
2995276	361058	1
2978072	361058	2
2990970	361058	1
4335045	361058	1
6616387	358619	1
3034475	361055	2
2997498	361058	1
6620213	361058	1
2989037	2989037	2
2989037	360630	2
3015305	359796	1
2981925	361058	1
3178794	361058	1
3028092	361058	2
2485926	2589581	2
3169070	360630	2
3024111	361058	4
2989106	359796	1
2987441	360630	5
3033443	3033443	1
3033443	359796	1
2992603	2992602	1
2992602	359796	1
6440705	361058	1
3035843	358619	1
2969401	358619	1
2993749	359796	1
3176959	361058	2
3005417	360630	11
3005417	3005417	6
3027422	360630	3
3176854	360630	1
3029374	3029374	1
3029374	358619	1
2975340	2975340	1
2975340	361058	1
2967189	359796	2
6616400	361370	1
361370	360821	1
3005417	2988507	1
3001617	3036611	1
3036611	361058	1
2969284	361058	5
3165185	2464470	1
2464470	361058	2
2971055	361058	1
2990363	2995469	2
3037598	3037598	1
3037598	359796	1
2970151	361058	1
2980161	2980153	1
2980153	359796	1
2987825	359796	1
2978640	2978640	1
2978640	361058	1
2986109	2995469	1
3029354	2988507	1
3006787	2983276	1
2983276	359796	3
2976826	361058	1
2967920	361058	2
2981206	2981206	1
2981206	360630	1
2986302	361058	2
2978918	361058	1
2981280	361058	2
2974197	361058	1
3023653	2995469	1
3037514	359796	1
3036418	359796	4
2990935	360630	1
2983942	361058	1
2967758	358619	2
2993512	358619	1
3006613	3006613	1
3006613	361058	1
2990873	360630	1
3038350	360630	1
3026588	2973008	1
2973008	361058	1
3026588	3026588	1
3026588	361058	3
2660646	361058	2
360610	358619	2
360610	360610	1
2981209	361058	1
3030989	3024635	1
3030989	361058	1
2994617	360630	3
3010014	3010014	1
3010014	360630	1
2974640	2507480	1
2974640	360630	2
3022623	360630	1
3030534	361058	1
683123	358619	1
3005417	358619	1
3018749	359796	1
2983990	360630	2
3020940	361058	1
2987259	361058	1
3034640	3174659	1
3174659	361058	4
2971041	2995469	1
3019055	361058	1
2974704	361058	1
3005825	361058	2
2995481	2986271	1
2986271	359796	1
3029306	3029306	4
3029306	359796	2
3003325	360630	1
2969160	361058	1
3020781	361058	1
3010154	360630	1
3009526	2995469	1
2983011	358619	2
276781	358619	1
3010201	360630	1
2998517	361058	1
3008856	359796	1
2972401	2972401	1
2972401	361058	1
2992624	361058	2
2972401	360630	1
2507480	357994	1
357994	359173	1
359173	351481	1
2972328	2507480	1
360630	360686	2
3001988	3001988	1
3001988	360630	1
3001988	2501152	1
3012319	2995469	1
2983223	361058	1
2970287	361058	2
2970287	2970287	2
2994943	360630	1
3012716	361058	1
3035418	361058	1
3037656	2988507	1
3020996	3020996	2
2993194	2993194	1
2993194	361058	1
3037713	361058	1
3023924	3023924	1
3023924	361058	2
2985076	359796	1
2994464	361055	1
2987408	2988507	1
3008008	2988507	1
2968548	1566083	1
3024532	359796	1
2968059	360630	2
2968059	361058	1
2972328	1566083	2
2983971	3034640	1
2986561	360630	2
3030979	358619	1
3006787	360630	2
2506999	361055	2
3176746	360630	1
3027422	361058	5
2988507	360946	1
2975588	2988507	2
2988507	2975588	1
3030455	358619	1
3021853	3034608	1
3034608	359796	1
2969679	361058	3
2974257	361058	1
3020964	361058	1
2990440	2990440	2
2979660	361058	1
3034274	358619	2
2974263	361058	1
2995469	360886	2
3036784	359796	2
6426532	360630	1
3025790	3033123	1
3030814	361058	1
2983990	361058	5
2974591	358619	1
3029974	2973108	1
2973108	361058	3
2973108	2973108	1
361058	357994	1
357994	359796	1
2988335	2988335	1
2988335	359796	1
3005326	361058	5
3005326	360630	1
3002988	361058	2
3021061	3021061	1
3021061	360630	1
3026380	361055	1
3169070	361058	1
3026380	361058	1
3026380	360630	1
3014728	3014728	5
2986109	359796	1
3018302	361058	1
2982745	361058	1
3023872	361058	1
3038050	361058	1
3011563	3014213	1
3014213	359796	1
2983208	3024800	1
3024800	359796	1
3037113	3037113	1
3037113	361058	1
2970752	359796	1
2988507	361320	2
2971965	2998846	1
2998846	361058	1
2983011	361058	3
2589581	2475687	1
2986732	361058	5
2982652	3013173	1
3013173	360630	1
2993465	2475687	1
2475687	359796	2
2973783	360630	6
2974629	3007842	1
3007842	359796	1
3042142	360630	1
3042142	2988507	1
2971036	359796	1
3008141	361058	1
3037136	361058	1
2992943	358619	1
2977189	359796	1
2983990	2983990	2
2986665	361058	1
3014393	360630	1
2979109	361058	1
3013742	358619	1
3034471	360630	1
3034640	361055	2
2660646	360630	2
2992703	359796	2
2975469	358048	1
358048	358619	7
2995607	2995607	1
2997581	361058	1
2985655	2972328	1
3037818	3037818	1
3037818	359796	2
2974160	361058	1
2985984	359796	1
2987914	361055	4
3005755	360630	1
2977653	360630	1
2977948	361058	1
2981865	360630	1
3038224	360630	2
2992363	358619	1
2984065	361058	1
2984065	360630	2
3020686	361058	4
3020686	3020686	2
2996435	2507480	1
2968144	361058	1
3026375	361055	1
3020251	361058	18
2995481	2995481	1
2995481	359796	1
3038604	3024643	1
3024643	360630	1
6299405	2980256	1
2980256	359796	1
2995174	361058	1
2996882	358619	3
2513925	361058	1
2979436	361058	1
3003603	360630	3
3021263	2988507	1
2996882	2996944	1
3037287	361058	1
2986732	2986732	2
2979707	2979707	1
2979707	359796	1
3010396	3010396	1
3010396	361058	1
3023777	359796	1
3165524	361058	3
2977845	360630	1
2986626	3030300	1
2994651	2994651	5
2994651	360630	4
3028598	360630	1
717582	360630	3
2997936	360630	1
3014728	359796	2
3035568	361058	1
2990355	358619	1
3035843	361055	1
6299463	2986679	1
2986679	359796	1
3003796	361058	3
3022679	359796	1
3022679	3022679	1
3022679	360630	1
3022679	361058	1
2992984	2992984	1
3023410	2995469	1
2761369	360630	2
2997581	360630	3
2974188	3003148	1
3003148	3003148	8
3003148	361058	1
3010025	3010025	6
3011021	361058	1
2984281	358619	1
2986683	358619	1
3578959	360630	1
2970606	2988507	1
3021598	361058	3
3021598	2988719	1
3021598	3021598	3
3028580	358619	1
2995469	2507480	1
3118514	361058	1
3035416	358619	1
3035416	361055	1
1274784	1274784	1
1274784	361058	1
3021421	361058	1
3036935	361058	1
2978643	2978643	1
2978643	360630	1
3001191	361058	1
2976375	359796	1
2988451	2995469	1
3018248	3018248	2
3018248	2988507	1
3018248	360630	1
2993586	358619	4
2972203	2972203	1
2972203	359796	1
3004935	359796	1
2998286	358048	1
2980291	358048	1
3034006	3034006	1
3034006	361058	4
2995469	360761	1
2986672	359796	1
3014799	358619	1
2989165	2989165	1
2989165	361058	1
3009017	360630	1
3008178	361058	1
3038334	361055	2
2867714	357994	1
3029140	1566083	1
2986726	361058	1
2479161	358619	1
358619	3017382	2
3017382	361055	2
3012937	361055	1
3006787	3006787	1
3006787	361058	6
2985968	361058	1
3033391	358619	1
2993768	361058	1
3037456	3037456	2
3037456	361058	4
2983580	360630	1
2997891	361058	1
3038559	361058	1
3038308	359796	1
2479161	361055	1
3018568	361058	1
3172394	358619	3
2975088	358619	1
3003473	360630	1
98182	358619	1
3176438	361058	1
3172394	361058	3
2643743	360630	4
3025094	361058	1
2995483	361058	1
2987489	359796	1
2987914	358619	4
2987914	359796	1
6448890	6448890	1
6448890	361058	1
3020900	3020900	1
3020900	359796	1
3031801	360630	4
3031801	3031801	3
2971258	361058	1
3021664	360630	1
2976686	361058	1
3030788	361058	1
2660522	2660522	7
2660522	360630	1
2995469	2472350	1
2979196	361058	1
3036491	361058	2
347497	361058	5
6694763	361058	1
2825297	361058	1
2981280	2981280	2
3037456	2995469	2
164719	361058	4
2492747	360630	1
3028641	358619	1
3035991	361055	1
3022743	360630	1
2979723	359796	1
2996944	2988507	1
2986354	361058	1
2996075	1566083	1
2987914	360630	3
3016702	3016702	4
3016702	359796	2
2995469	3028808	1
3028808	360630	2
2987475	2987475	1
2987475	361058	1
2974710	361058	1
2986559	361058	1
3176219	3176219	1
3176219	359796	1
3175395	359783	1
3023271	361058	1
3015902	361055	1
2994759	360630	1
3026188	361058	1
3013510	1566083	1
2979073	358619	3
3020152	361055	1
3020251	3020251	5
3031582	361055	3
2976742	2972328	1
3176959	2988507	1
2971722	361055	1
3014433	3014433	3
3014433	360630	3
3031085	2967288	1
2967288	361058	1
3174261	360630	1
3030521	361058	2
2976444	358619	1
2993730	361058	1
3027105	361058	1
360829	361058	3
935267	358619	1
2971382	361058	1
3003603	359796	1
3013420	360630	1
3171058	359796	2
2998362	359796	1
3032349	2988507	1
3037984	360630	4
3028338	3028338	1
3028338	349484	1
3037984	3037984	3
2995582	361058	1
3023581	3023582	1
3023582	359796	1
2967849	2967849	1
2967849	360630	1
3023363	361058	2
2996959	361058	1
2995675	361058	1
2980104	2980104	1
2980104	360630	1
3002172	359796	2
2988507	2960313	1
2960313	361058	2
2969401	2969401	1
2969401	359796	1
2981282	2981282	1
2981282	359796	1
3019329	360630	1
2976791	361058	1
3025942	358619	1
359493	361058	4
3028134	2999180	1
2999180	361058	2
3028134	3028134	2
3028134	361055	1
3028134	361058	2
3004935	360630	1
2988670	2988670	2
2968515	361058	2
2972872	359796	1
252919	361058	1
2983440	361058	1
2983440	360630	2
2981794	361058	1
2981143	2981898	1
2981898	359796	1
3035431	2972328	1
3024740	3024740	1
3024740	359796	1
3034382	361058	2
2802361	360630	3
3011057	3009647	1
3009647	360630	1
3018174	361058	3
6299592	360630	5
3021762	360630	1
3036016	361058	2
366755	361058	1
2972203	358619	1
662112	662112	1
662112	360630	1
3027240	360630	1
2993876	361058	1
2993890	361058	1
3024899	359796	1
3036938	3036938	1
2994274	359796	1
3037543	360630	3
163843	361058	2
3026745	358619	1
2998441	359796	3
3031711	3031709	1
3031709	361058	1
2978263	361058	1
2985205	361058	1
3028134	2995469	1
3024011	361058	1
933965	1259425	1
1259425	359796	1
2997577	2997577	19
2969679	358619	1
3036418	1566083	1
2996479	361058	1
3007680	359796	1
361058	360761	2
2992260	361058	1
2992764	2507480	1
6426393	6426393	1
6426393	359796	1
3167872	361058	1
2988487	361058	1
2979933	2979933	1
2979933	360630	1
3009289	358619	1
3037829	361055	1
2975349	358619	1
2988286	358619	1
6619540	2996944	1
3009125	359796	1
2996882	361058	3
2506999	361058	9
3021435	360630	1
3002585	361058	1
2980045	361058	3
6620213	6620213	1
6620213	360630	1
2967392	3018601	1
3018601	359796	2
3027857	361058	1
3025053	361058	2
3010653	361058	3
756135	361055	1
3016351	361055	2
3016351	358619	1
2989453	2984114	1
2984114	361058	1
6620223	358619	1
3038493	3038493	1
3038493	361055	2
3011313	358619	2
3033766	3025053	1
3025053	359796	1
2989816	2989816	1
2989816	359796	1
2972857	2972857	1
2972857	359796	1
1701668	1701668	1
3012547	361058	1
3006693	3028137	1
3028137	359796	1
3011313	360630	1
3016164	359796	1
2995727	361058	1
3018713	3018713	1
3018713	361058	2
2997116	361058	1
3024597	358619	1
2989935	360630	1
2975020	361058	2
3038354	3038354	7
3038354	360630	10
3024297	360630	3
3024086	360630	1
2984627	2984627	1
2984627	360630	1
2980045	358619	1
3011313	361058	2
2987472	359796	1
3027997	3027997	1
3027997	361058	2
3024057	3024057	1
3024057	360630	1
2479161	361058	1
3026467	3026467	1
3026467	360630	1
2479161	360630	1
2980754	2996983	1
2996983	359796	1
2977001	358619	1
3021435	361058	1
3022242	358619	1
3013592	361058	1
756135	358619	1
2974551	2974551	1
2974551	359796	1
3015904	3015904	1
3015904	361058	1
2982076	361058	2
3031020	360630	3
3170831	357994	1
2642302	1880252	1
1880252	359796	1
3025055	361058	1
2990969	358619	3
3002465	360630	2
2972284	361058	2
2972284	2990363	1
3026273	358619	1
3028808	361058	1
2982073	2982073	1
2982073	359796	2
2983359	358619	1
2982073	2995469	1
3025177	361055	1
3012148	360630	1
2978432	361055	1
3028745	3028745	1
3028745	358619	1
2968072	2988507	1
2987843	361058	1
3010154	358619	1
3022523	361055	1
3005825	360610	1
3007680	361058	2
2988358	358619	2
3018285	361058	1
2993749	361058	1
3010313	359796	1
3031710	2467686	1
2467686	361058	1
2990363	360630	7
3013254	361058	1
3033453	361058	1
2998140	361058	1
2988837	361058	1
3028296	2744911	1
2744911	361058	1
174982	361058	1
3001617	358619	1
3019238	361058	1
2503769	361058	1
3017560	2995128	1
2995128	359796	1
3011313	350767	1
3011313	361055	1
2969162	361058	1
3037224	2988507	2
3011021	358619	1
2986306	361058	1
2972191	360630	4
3003603	1566083	1
3028641	359796	2
2979360	354775	1
354775	361058	1
2982636	361055	1
2975364	2975364	1
2975364	359796	1
2971258	2995469	1
3032890	3031871	1
3031871	359796	1
3012634	359796	1
2987967	358619	2
2983696	358619	1
2982652	361055	1
3028214	361055	1
3037818	361058	1
2980586	360630	1
2992625	358619	1
2644210	127486	1
127486	361058	6
3021689	359796	1
2974216	361058	1
2969747	2472350	1
3035937	361058	2
2983510	361058	1
2969747	359796	1
2969747	361058	1
2974733	361055	1
2976699	361058	1
2980291	361058	6
6519553	6519553	1
6519553	361473	1
3025892	349484	1
3016670	2979475	1
2979475	359796	1
2992703	360630	1
2990363	2990363	3
3027484	358619	1
3175395	358619	1
3007811	3007811	2
3007811	360630	2
2972174	361058	1
3033123	360630	2
2990363	359796	2
3009652	361058	1
2988358	361058	2
3016358	3014867	1
3014867	361058	1
3025466	358619	3
360630	2988507	4
3025188	358619	1
3570410	358619	1
3570675	2988507	1
2479536	360630	8
358683	360630	4
2464915	361058	1
2994160	361058	8
3012647	358619	1
7498240	361058	1
2996882	2988507	1
3018174	3018174	2
3013478	2988507	1
3013478	361058	1
2981954	359796	1
3025466	3025466	3
3025466	359796	4
3175093	360166	1
6613246	6613246	1
6613246	359796	1
3012255	3012255	1
3012255	360630	2
2981355	2995469	1
361058	360829	1
2991483	2991483	1
2991483	359796	1
3028134	360630	2
2995469	358048	1
3014728	2979029	1
2979029	361058	1
3028641	3028641	7
3028641	360630	6
2984159	361058	1
361058	3028641	1
361058	2995469	2
3003650	360630	2
3020850	3003650	1
2981698	358619	1
3026338	361058	1
2990870	361058	2
3020035	361058	4
3028338	359796	1
3031995	361058	1
3004977	361058	1
3021210	361058	1
2782113	361058	4
3170647	360630	2
2979719	361058	1
3014717	358619	1
3028104	361058	1
3023763	361058	5
359106	361058	1
3008206	3030300	1
3026380	3033123	1
3013456	361058	1
2970407	361058	2
2994806	361058	1
3001613	361058	1
359493	360630	3
3036719	358619	1
3012387	359796	1
2479576	359796	2
2988634	2472350	1
2986820	361058	1
3038638	358619	2
2993586	360630	3
2392204	359796	1
2977760	361058	1
3013757	359796	1
3021042	361058	1
3027371	3027371	1
3027371	361055	1
2995801	361058	1
3026613	3026613	2
3026613	361058	2
3014728	361055	2
498817	361058	1
3006632	361058	1
3031137	361058	2
351971	361058	5
3031009	361058	1
3022800	360630	1
2978444	361058	1
3028394	361058	1
3033948	361058	1
2980291	360630	3
2968177	361058	1
2976413	361058	1
2969387	2984643	1
2984643	359796	1
2969387	2995469	1
3003253	358619	1
3023476	358619	1
2977146	361058	1
3176219	360630	2
3029570	358619	1
2997577	360630	8
3024816	3024816	1
3024816	361058	1
2997768	361058	1
3004843	361058	1
3030142	361058	1
2983648	360630	1
2969562	361058	1
3035702	361058	1
3022600	361058	1
2976258	358619	1
2977194	361058	1
400666	361058	1
299817	361058	1
2986946	2986946	3
2986946	2988507	1
2988507	2986946	1
2986946	360630	2
3016274	360630	2
3017245	361058	1
3025382	361058	1
3024292	358619	1
3007885	3030300	1
6533958	361058	1
2976695	361058	2
3036850	361058	1
2970051	2995469	1
2993026	361058	1
3013281	361058	1
3013259	359796	1
3005334	361058	1
2988507	498817	1
498817	360630	1
2982558	2982558	1
2982558	359796	1
3033944	358619	1
3019801	359796	1
3029241	3029241	1
3029241	360630	4
3037854	358619	1
2997395	358619	1
2983011	2983011	1
2983011	359796	2
2989120	361058	1
2986219	2986219	1
2986219	361058	1
1275339	359796	1
3037656	360630	3
2979989	361058	1
3026603	3026603	1
3026603	361058	1
2986715	361058	2
2982286	361058	1
2994312	361058	1
2995469	354500	1
2989590	358619	2
2980933	358619	1
3005364	361058	1
3012109	361058	1
2996837	361058	1
2999182	361058	1
3008831	361058	1
3022461	361058	1
2990146	2990146	1
2990146	359796	1
2985879	2985879	1
2985879	361058	1
6617852	2976583	1
2976583	359796	1
2968983	361058	1
3017714	361058	1
2991194	2991194	1
2991194	360630	1
3033123	358619	1
2999683	361058	1
3038056	360630	1
2524170	361058	1
3002465	361058	3
3035595	359796	1
2990580	360630	1
3011251	2988507	1
3011251	360630	1
6620225	6620225	1
2976121	360630	1
3004608	3004608	1
3004608	359796	1
2978112	2996944	1
2996944	360610	1
360610	361055	1
2978112	2978112	1
2978112	359796	1
2825297	360630	1
3022540	361058	2
3003298	359796	1
3006796	358619	1
3017295	2975964	1
2975964	359796	1
2974389	361055	1
2246452	358619	1
2980844	361058	1
3018264	359796	1
3012056	361058	1
2992978	361058	1
3037393	6616245	1
6616245	361058	1
2993024	358619	1
3026467	361058	3
2981685	359796	1
2972214	361058	2
3016670	359796	1
2980586	2996944	1
2797344	361058	1
2973539	361058	1
2970830	361058	1
3021199	2988507	1
2986306	2507480	1
2979772	361058	1
2973487	361058	2
3020471	361058	1
2980182	361058	1
2985968	358619	1
2979731	2979798	1
2979798	359796	1
2994651	361058	1
3027889	3027889	1
3027889	360630	1
2996047	2996047	1
2996047	359796	1
2980933	2980933	1
2980933	361058	1
2977246	361055	1
3018424	360630	1
3020990	3020990	1
3020990	359796	1
3030944	361058	2
3014728	358619	2
3018409	3018409	1
3018409	359796	1
3012715	361058	1
2795716	2795716	1
2795716	360630	1
2975891	2988507	1
2989581	2989581	1
2989581	361058	1
2992654	2992654	2
2992654	359796	2
2973301	360630	1
3024635	3024635	12
3024635	360630	5
3021411	358619	1
2983011	360630	3
2976678	2976678	1
2976678	359796	1
2982536	360630	2
2513680	361055	1
2988203	359796	1
2975665	361058	1
2969964	358619	1
3570429	358619	1
2998945	360630	1
2525448	360630	1
2968936	358048	1
3028720	358619	1
2984663	361058	1
2968936	361058	1
2969562	360630	1
2505329	361058	1
2983154	3010025	1
3028094	359796	1
2990864	3010550	1
3010550	361058	1
3031792	3031792	1
3031792	359796	1
3005735	358619	1
2983580	361058	2
3001644	2995469	1
2973355	358619	2
2973355	361058	1
2968290	2968290	1
2968290	359796	1
3167022	2972328	1
3006689	361055	1
3020850	360630	3
3036517	3038230	1
3038230	359796	1
3021372	361058	2
2995607	361058	1
3021263	360630	1
2990969	3037656	1
3037656	359796	3
2996103	360630	1
3034650	361058	1
2990205	359796	1
3030375	359796	1
3026141	359796	1
2980291	2988507	1
2985290	2985290	1
2985290	360630	1
2986700	2981294	1
2981294	361058	1
6299453	361058	1
2985854	3037797	1
3037797	359796	2
2589581	361058	5
2968788	361058	2
3015996	360630	1
3005417	360610	1
3009071	359796	1
3007635	361058	1
2986060	361058	1
3012937	2972328	1
2994040	2988507	1
776597	361055	1
3034951	359796	1
2980936	2968254	1
2968254	359796	1
3027010	360630	1
2980563	3035540	2
3035540	361058	2
3005417	361058	3
3035540	3005417	1
3005417	2982350	1
2982350	2982350	1
2982350	361058	1
3024701	361055	1
2980563	361058	2
2980563	358448	1
3024189	3024189	1
3024189	360630	1
2970654	360630	1
3023244	361058	1
3006770	358619	1
3170647	3170647	1
8288224	360630	1
3026298	358619	2
3026298	3026298	2
772636	360630	1
2821164	361058	1
2984114	358619	1
2996148	361058	2
3033766	358619	1
2747891	359796	1
3009481	360630	2
2994041	358619	1
2987182	360630	1
2967203	358048	1
2972191	361055	1
3002465	358619	2
2989317	358619	1
2789786	2969679	1
2988507	3004304	1
3004304	361058	1
3030142	358619	1
2993002	358619	1
3023414	3023414	1
2988507	358683	1
2974337	361058	1
2985947	359796	2
2985947	358619	2
2659836	361058	1
3025012	1566083	1
2996882	360630	1
3035883	360630	1
2975798	358619	1
2984257	361055	1
3036418	358619	1
2995469	2997570	1
2997570	361058	1
2985143	2985143	1
2985143	360630	1
3006543	359796	1
3023968	361058	1
3012962	358619	1
2985385	3031086	1
3031086	358619	1
3021664	361055	2
2987967	360630	1
2993728	360630	1
311046	2995469	3
311046	311046	5
3032928	361058	1
2997465	2997465	1
2997465	359796	1
3006511	3016702	1
3018973	347497	1
2967199	2967199	1
2967199	359796	1
3026108	361058	1
2975048	3003095	1
3003095	359796	1
2996944	3025141	1
3025141	359796	1
2981906	2981906	1
2981906	359796	1
3036159	2996944	1
2967758	2967758	2
3035676	359796	1
1573261	361058	1
2996760	361058	1
3019960	358619	1
2968405	361058	1
3021411	361058	3
3034382	3034382	1
3023954	2988507	1
3029580	3029580	1
3029580	3016274	1
3016274	361055	1
2994160	361055	1
3017921	360630	1
2999873	361058	1
2991984	360630	1
2978811	2978811	1
2978811	361058	1
2997616	3030300	1
2976341	360630	7
3028263	360630	2
2968751	2995469	2
2982835	361058	5
2986629	361058	1
2970606	2970606	1
2970606	359796	1
3029543	3029543	1
3029543	359796	1
3010014	361058	1
2981410	2995469	1
2982876	361058	1
2998072	351971	1
3038146	361058	1
2991481	2969392	1
2969392	360630	4
2996944	2995469	2
2988393	361058	1
2977921	2977921	4
2977921	360630	2
3012975	358619	2
2996212	361055	1
2992816	361058	1
3031030	361058	2
2969579	3036938	1
3036938	359796	2
3002465	360761	1
3015119	3015119	1
3015119	360630	1
2983362	1566083	1
3038493	358619	1
3020732	3020732	1
3020732	359796	1
2980291	2503769	1
2972191	351971	1
2985230	2985230	1
2985230	361058	1
2995983	361058	1
3004870	3004871	2
3004871	361058	2
3005708	361058	1
2980637	361058	1
2983276	2978643	1
2978643	361058	1
2978997	2996944	1
3027237	3027237	1
3027237	361058	1
2971730	361058	1
2968120	358619	1
2472350	359796	2
3172394	360630	2
3034868	361058	1
2996901	361058	1
3026243	359796	1
3016670	360630	1
2980650	361058	1
3030057	360630	3
3019875	3019875	1
3019875	359796	1
2745912	361058	1
2977449	361058	1
2972350	361058	2
2988507	347796	1
3035522	361058	1
2969679	3036496	1
3036496	359796	1
3027397	2988507	1
2989590	359796	1
3009523	360630	2
2985165	361058	1
2989837	361058	1
2976982	361058	1
2997577	358619	2
3013663	361058	2
2977587	2988507	1
2984701	358619	1
3003633	3003633	1
3003633	359796	1
2496059	361058	1
3014579	361058	1
3027600	361058	1
2981983	361058	1
3016702	2995469	2
2986801	361058	1
2986695	2986695	1
2986695	361058	1
2980438	361055	2
2988797	361058	1
3017609	359796	1
359783	361058	3
3016702	358619	2
2982191	361058	1
3018758	3018758	4
3018758	360630	2
2969692	3036079	1
3036079	361058	1
2986143	2986143	1
2986143	361058	1
2967972	360630	1
3020307	361058	1
2971033	361058	1
3175395	3175395	1
3030561	358619	2
2976145	2988507	1
2506999	358619	4
2506999	2995469	1
3035156	358619	2
2970885	360630	1
3012148	358619	2
3012148	3012148	1
3015623	359796	1
2980845	358619	1
3027488	361058	1
2986660	359796	1
2992453	360630	1
2997631	3034485	1
3034485	359796	1
2989279	2989247	1
2989247	361058	1
2979303	360630	1
2977546	361058	1
2986611	2986611	1
2986611	359796	1
2994486	361058	1
3022242	359796	1
2976251	361058	1
2980856	3169851	1
3169851	359796	1
3006414	360630	2
2984519	358619	1
2971024	361058	1
2994718	360630	1
2978925	361055	2
2978643	358619	1
3020330	2995469	1
3019247	361058	1
745044	359796	2
3032551	361058	1
3008630	359796	1
3035843	2988507	1
2997626	360630	1
3035776	359796	1
3022540	358619	1
2992501	359796	1
2479536	2479536	1
2479536	2988507	1
2989795	361058	1
2976251	359796	1
2972191	2968491	1
2968491	2972191	1
360630	358619	11
2657970	358619	1
2980120	350203	1
350203	361058	2
6296392	360630	1
2976869	2464470	1
2464470	2506999	1
3031469	361058	1
2988394	358619	1
2991214	361058	8
2991602	359796	1
3021000	3021000	1
3021000	359796	1
2986709	2986709	1
2986709	359796	1
3021252	361058	1
2905528	360630	1
3019211	360630	1
2984678	361058	1
170654	361058	1
3027237	360630	1
3019423	3019423	1
3019423	358619	1
3012317	3012317	1
3012317	360630	1
360630	2995469	4
2994160	3031137	1
3031137	359796	1
3013663	351971	1
2967434	361058	1
3020850	361055	2
2501152	361055	1
3029030	361055	2
3021848	361055	1
3014265	360630	1
2978557	2978557	1
2978557	359796	1
3034797	361055	1
2986731	1566083	1
3037656	361058	1
3019944	361058	1
2977085	2977085	1
2977085	359796	1
2998013	361058	1
2992479	2988507	1
3036359	361058	1
3024297	358619	2
3007842	361058	1
2990919	358619	2
3033602	359796	1
3007680	3007680	1
2503181	361058	1
3030819	361058	1
2991772	3030300	1
2984516	2479536	1
2998595	360630	1
3035681	2969958	1
2969958	360630	1
3014346	360630	1
3038375	361058	1
3036240	3034341	1
3034341	361058	1
2972350	2972350	1
2972350	359796	1
3035938	3035938	1
3035938	358619	1
2974733	2995469	1
2976251	360630	1
3035681	361055	1
3037632	1566083	1
3017929	361058	2
3010983	3010983	1
3010983	359796	1
3077916	361055	1
6555187	2472350	1
3015894	361058	1
2990612	1819729	1
2988507	361937	2
361937	361058	1
2996397	361058	1
3012937	1566083	1
2997210	2997210	3
2997210	360630	4
3013386	3013386	1
3013386	359796	1
2976686	360630	1
2979207	1566083	1
3007663	3007663	1
3007663	361058	2
2972315	2507480	1
2972315	2995469	1
2992166	2995469	1
2990682	361055	1
3036418	3036418	2
3038354	2972328	1
2996944	1566083	1
2981369	361058	1
3013026	359796	1
2995469	361320	1
2972010	2972010	1
2972010	360630	1
3017253	359796	1
3027764	3024288	1
3024288	359796	1
2976338	361058	1
3033687	360630	2
2968755	2968748	1
2968748	359796	2
3035719	361058	1
6620020	359796	1
2996653	2996653	1
2996653	359796	1
3029002	361058	1
3014868	360630	4
3014868	3014868	1
2972168	359796	1
2976341	358619	1
2970654	359796	1
2975050	2975050	1
2975050	361058	1
2988507	3031137	1
6694596	360630	1
3001988	361055	2
2977967	361055	1
2977959	361055	1
2969478	2969478	2
2969478	2501152	1
3028558	361058	1
2992877	360630	2
2995532	361058	1
2992818	361058	1
2971929	935264	1
935264	359796	2
298795	360630	1
3017864	360630	1
2976906	2976906	1
2976906	359796	1
3028791	359796	1
6619573	361058	1
3027582	359796	1
2980932	2977824	1
2977824	359796	1
2986109	358619	2
3029069	361058	1
276781	360630	1
3016951	3016951	1
3016951	359796	1
3012621	3012621	1
3012621	359796	1
2967695	3010025	1
3021372	360630	2
2987914	2987914	1
2980636	361058	1
2978899	358619	1
3027213	361055	1
3034483	361058	2
2978100	361058	6
2982835	359796	1
2976341	361058	1
2995469	127486	1
3007803	358619	1
2988110	359796	1
2505572	359796	1
2987825	358619	1
3174567	361058	1
2997035	361058	2
3035681	2995469	1
2995469	2996944	1
3027647	3027647	1
3027647	360630	1
3027647	358619	1
357994	360630	2
3022862	2988507	1
3022862	3022862	1
3022862	360630	2
3030205	360630	1
3007622	361058	1
3020852	358619	1
2999706	361058	1
2983010	361058	1
2973783	359796	2
3013663	360630	1
756135	360630	2
3010381	3037656	1
360630	360995	2
3020860	2507480	1
3020860	361058	1
2987421	361058	2
269461	360630	1
2491911	360630	2
2986674	361058	1
2984741	359796	2
2506999	104515	1
104515	360630	1
3027695	2995469	1
2994727	2975446	1
2975446	359796	1
2991645	2991645	1
2991645	360630	1
2971324	2971324	1
2971324	360630	1
3033791	359796	3
2986640	359796	1
2657896	360630	1
2990420	361058	1
3014433	359796	1
3005950	359796	1
360995	361058	1
352262	361058	1
3014354	358619	1
2991214	358619	2
2921044	360630	3
2782113	360630	7
2981002	1566083	1
2983705	359796	1
756291	360630	1
3012954	361058	1
2984699	361058	3
3005346	2995469	1
2986377	359796	1
3033791	360630	2
3036399	2969284	1
2969284	358619	2
2991879	359796	1
2996995	361058	1
3038224	361058	2
3027949	360630	1
3027949	2988507	1
2972191	127486	1
2987508	361058	1
2974733	2974733	6
2974733	360630	2
2992373	359796	1
2982433	361055	2
3028050	361058	2
2973783	358619	1
2982879	2982876	1
2982876	359796	1
2996823	2996823	1
2996823	359796	1
2967395	2967288	1
2967288	359796	2
3028336	358619	1
377690	361058	1
3018174	361055	1
2991025	361055	1
2485926	359796	1
3038261	3038261	3
3038261	359796	3
3021646	3021646	1
3021646	359796	1
2995752	361058	1
2989216	359796	1
2994100	2995469	1
2983784	2983784	1
2983784	361058	1
2994057	361058	1
3037726	3037726	1
3037726	361058	1
2967460	361058	1
3015006	360630	1
3002357	361058	1
2658434	359796	1
2969284	2969284	3
3013718	361058	1
3035426	359796	1
2993313	361058	1
2990363	361055	5
2978421	361058	1
2661077	361058	1
2991896	359796	1
3031020	3031020	2
2986467	361058	1
3031020	2995469	1
360630	2971041	1
2971041	360630	2
2971041	2971041	3
3019153	360630	1
2984699	2984699	1
2984699	359796	1
2973672	358619	1
2977881	2977881	2
2977881	359796	2
2968091	2970654	1
2970654	361058	1
3013834	3013834	1
3013834	361058	1
3014412	361058	1
2481007	360630	1
2983705	2983705	1
2983705	360630	1
2972191	361058	1
2981492	3036715	1
3036715	359796	1
2987475	359796	1
2991268	2991268	1
2991268	359796	1
2975288	358619	1
2986656	361058	1
2971549	361058	3
3023728	3023728	1
3023728	359796	1
2992620	358619	1
2972685	359796	1
3037332	361058	1
3007693	3007693	1
3007693	360630	1
3018074	3034051	1
3034051	361058	1
3029350	361058	1
2971054	361058	1
3021356	361058	1
2968556	361058	1
2487134	359796	1
3007691	3007691	1
3007691	358619	1
703367	360630	1
3035560	359796	1
3025582	3020500	1
3020500	361058	1
2995502	361058	1
2980203	361058	1
3029224	3029224	1
3029224	361058	1
3014856	2995469	1
2975113	361058	1
3024421	361058	1
3014690	3025466	1
3014185	361055	1
2974691	2974691	1
2974691	359796	1
3018747	2988507	1
3018747	359796	1
3026057	359796	1
6438298	360630	1
2980742	360166	1
360166	360630	1
2980742	361058	1
2562305	361058	1
3031582	3031582	1
3030953	361058	2
2979443	2979443	1
2979443	359796	1
3034198	361058	2
2968290	360630	1
2987825	360630	1
2503769	2503769	1
2503769	361055	1
3032600	2981280	1
2981280	359796	2
2984159	2984159	1
2984159	359796	1
3028575	361058	1
2988516	361058	1
2970777	2970777	3
2970777	360630	1
3012821	2995469	1
2972203	361058	1
2968463	360761	1
3020996	2986725	1
2986725	361058	1
3024207	3024207	1
3024207	359796	1
3034554	361058	1
2975442	358619	1
3003796	3031582	1
2997577	1566083	2
2972328	361055	4
6519553	361058	1
2985963	2985963	1
2985963	359796	1
3012157	361058	1
2998517	360630	1
3021993	2969392	1
2998517	359796	1
3026262	358619	1
2984299	2984299	1
2984299	359796	1
2971321	2971321	1
2971321	361058	1
2992266	2992266	2
2992266	360630	1
2997961	358619	1
3029241	361058	2
2986804	2986804	1
2986804	359796	1
2977628	3012712	1
3012712	359796	1
2969814	360630	1
2802361	358619	1
3016667	361058	2
3016667	358619	1
2994349	361058	1
3021000	360630	2
3008754	361058	1
3005443	3005443	1
3005443	360630	1
3005443	361058	1
3027491	358619	1
2997961	2997961	1
2997961	359796	1
2996148	2996148	1
3023414	361058	1
2977390	358048	1
2997964	361058	1
3019480	359796	3
3012298	2991214	1
3014928	2991214	1
3027468	361058	1
2997577	359796	2
3015305	361058	1
3033339	360630	1
2982967	361058	1
2976703	2976703	1
2976703	359796	2
2971169	2971169	1
2971169	361058	1
2986599	3030300	1
3028425	2984701	1
2984701	359796	2
3021747	3021747	1
3021747	361058	1
3032898	359796	1
3034582	3034582	1
3034582	361058	1
2977413	3030300	1
3026795	359796	1
3016177	359796	1
2986698	361058	1
3024692	358619	1
2990316	361058	1
3021372	358619	2
2986597	358619	2
2974733	358619	3
3035883	359796	1
3012361	361058	1
2981851	2988507	1
2971746	359796	1
2970777	3036059	1
3036059	361058	1
3033382	3033382	1
3033382	360630	2
3000310	3000310	1
3000310	2988507	1
2989453	361058	1
3033682	361058	1
2986790	359796	1
3019355	358619	1
3042142	361058	1
3936456	2979226	1
2979226	360630	1
1259425	361058	1
2975732	359796	1
2970860	360610	1
2978783	2978783	1
2978783	360630	1
2994497	361058	1
2996330	2996330	1
2996330	359796	1
2986733	2984741	1
3038682	361058	1
3008720	361058	1
2986160	360630	1
2997511	2997511	1
2984065	2984065	1
2984065	359796	2
3017488	358619	1
2983911	360630	1
3036207	358619	1
2984699	358619	1
3024035	361058	1
2969679	361055	2
3036689	361058	1
2977144	361058	1
2981629	361058	1
3030300	2988507	1
3019090	3018044	1
3018044	359796	1
3022989	359796	1
2968405	2988507	1
3002801	361058	2
2979783	361055	1
3030460	3030460	1
3030460	2988507	1
358048	361055	1
2974304	361058	1
2973993	2973993	1
2973993	359796	1
3021356	358619	1
2994099	361058	1
390903	360630	3
2978100	360630	4
3005825	359796	1
2983276	358619	1
2991861	2991861	2
2991861	360630	2
2654394	2654394	1
2654394	360630	1
2973520	361058	1
3020119	360630	1
3027857	3027857	3
3027857	359796	2
3028330	358619	1
2993024	359796	1
3164582	359796	1
2978766	2978766	1
2978766	359796	1
2998354	3035088	1
3035088	361058	1
2998354	360630	1
2976125	360630	4
266826	360630	1
266826	361058	2
361058	361320	2
3002138	361055	1
2971056	360630	4
2971056	2971056	2
2995573	2988507	1
3028214	361058	1
2977824	360630	1
2988394	361058	1
2970923	2970923	1
2970923	360630	1
2985749	358619	1
3034655	361058	1
3036235	358619	1
3035498	361058	2
2970316	361058	1
2991029	3038261	1
3038261	361055	1
3035928	1566083	1
2492913	361058	1
6617123	6617123	1
6617123	361058	1
8296870	2976792	1
2976792	359796	1
2969176	361058	2
3006380	360630	1
3170831	358619	1
3027355	361058	1
3034911	361058	1
2982811	2982811	1
2982811	359796	1
3035746	358619	1
3013663	2972328	1
2981115	2981115	1
2981115	359796	1
3029030	358619	1
2967288	2967288	1
2971445	361058	1
2759794	1648148	1
1648148	359796	1
2995790	361055	1
2992856	3030300	1
2990590	361058	2
2972350	3013508	1
3013508	3023763	1
3023763	347634	1
347634	360630	1
2972350	359783	1
360630	361661	1
2988507	347634	1
2990590	2990590	1
2978640	3014728	1
3013508	2978148	1
2978148	360630	1
6299463	361058	1
2994525	359796	1
2983262	360630	1
3029030	2988507	1
3029030	361058	1
3037049	361058	1
2993947	359796	2
3038230	2988507	1
2968391	361058	1
2482908	361058	1
3015857	361058	1
3026845	360630	1
3032505	361058	1
3032125	361058	1
3021221	361058	1
3019923	361058	1
2997395	361058	1
3020251	360630	2
2977081	2977081	1
2977081	359796	1
2991954	359796	1
6694622	359796	1
2562770	360630	1
2982159	360630	1
3003517	360630	1
3020035	360630	1
2979475	358619	1
2978525	361055	1
3011969	361058	1
3037512	3037512	1
3037512	360630	3
2991214	359796	3
2994106	361058	1
2992863	361058	2
3014816	359796	2
2984037	361058	1
3019348	358619	1
3036418	3002520	1
3002520	361058	1
2512989	361058	1
3023808	2507480	1
2975333	361058	1
2968691	2968691	1
6694620	360630	2
2995469	6694620	1
2993875	3017382	1
3017382	2993875	1
2993875	2993875	1
3038224	359796	2
3016274	359796	1
3006699	3006699	1
3006699	359796	1
3012777	361058	1
3026610	361058	1
2983362	360630	2
2800298	360630	1
3021263	360686	1
2989640	2971041	1
2971041	359796	1
359992	361058	1
3027484	361058	1
3024916	2990005	1
2990005	361058	1
3029094	358619	1
3006787	1566083	1
3012732	359796	1
2977355	359796	1
8378560	360630	1
3021233	361058	1
2985196	360630	1
2523920	2988507	1
3031133	360630	4
3031133	358683	1
3023473	358619	1
2987551	360630	1
3034241	361055	1
3021000	361058	1
2523920	2995469	1
3011313	3011313	1
2993457	361058	1
3034515	3034515	1
3034515	361058	1
2990919	361058	1
3016912	360630	1
2985361	361058	1
2983855	360630	1
2982967	360630	2
2969612	359796	1
3010025	358619	6
3008636	358619	1
360630	352261	2
352261	360630	2
3026615	361058	1
2978004	361058	1
3021048	360630	1
3020119	359796	1
3022897	358619	1
2991346	360630	1
3027447	361058	1
3031868	361058	2
2977255	359796	1
2992373	361055	1
361058	358683	2
2987370	361058	1
3012822	2988507	1
3037300	2996944	1
3035156	3035156	1
2970455	361058	1
3034911	358619	1
2978658	2995469	1
2986724	2986724	1
2986724	359796	1
2491042	361058	2
3010025	360761	1
3028263	361058	4
2981532	361058	1
3016264	361058	1
3026613	360630	1
2990205	361058	1
6694622	361058	1
6299393	361058	2
2975446	361058	2
2976805	2976805	2
2976805	360630	1
3007694	361058	1
3020810	3020810	1
3020810	360630	1
2984741	361058	1
3020635	361058	1
3019978	361058	1
3027604	360630	1
2967707	2978789	1
2978789	360630	1
6620212	361058	1
3029421	359796	1
2973393	358619	2
3008391	3008391	2
3008391	360630	1
3008391	3010025	1
3010025	360630	3
2499193	361058	2
2975020	2975020	1
3020887	359796	1
3005948	361058	1
3014856	361058	5
3006511	361058	1
2991342	359796	1
2968956	361058	1
3006219	361058	1
2976134	361058	1
2985982	2985982	1
2985982	360630	1
2989460	359796	1
2989460	2989460	1
3008503	359796	1
2983154	358619	1
3035828	2485926	1
3037523	360630	1
2968985	358619	1
2997336	3028641	1
2989000	361055	1
6297040	359796	1
2523630	2523630	1
2523630	360630	1
2992778	361058	1
2988393	360630	1
3033692	359796	1
2981983	360630	1
2991346	2991346	1
2991346	361058	1
2992292	361058	1
2978100	2978100	4
2978100	2995469	1
2981433	359796	1
2994896	361058	1
3013456	358619	1
3015717	359796	1
2659994	361058	1
2988507	2507480	1
2986046	2986046	1
2986046	359796	1
2986645	361058	1
3004357	3004357	1
3004357	361058	1
3035938	361058	1
2973579	359796	1
2980400	360630	1
2661144	361055	3
2979278	2979278	1
2979278	361058	1
2990355	1566083	1
2979041	361055	1
3029094	1566083	1
5112222	361058	1
2981781	361058	1
3006283	361058	1
935221	935221	1
935221	361058	1
3007856	359796	1
2982636	2982636	1
2967803	361058	2
2967203	361058	2
2974618	361058	1
3002598	360630	1
2981500	360630	1
3017702	3017702	1
3017702	359796	1
2983127	361058	1
3037514	360630	1
2992890	2996944	1
2970701	361058	1
3017620	3017620	1
3017620	361058	1
2974800	359796	1
2977544	361058	1
2970654	2970654	1
2970654	357994	1
3030021	3030021	1
3030021	359796	1
2995752	358619	1
3016690	360630	1
2980291	2995469	1
2980262	361055	1
2977637	361058	1
3030057	3030057	1
2975020	359796	1
2980262	2980262	1
2980262	2990363	1
3010071	2988507	1
2977824	360686	1
2980203	360630	1
2661143	360630	1
2995582	2995582	1
2995582	359796	1
2995469	311046	1
259972	361058	3
2646057	360630	1
2972748	361058	1
3038079	361058	1
3016697	361058	1
3172557	360630	1
2995107	2559707	1
2559707	361058	1
2973783	2994160	1
3021199	360630	1
2972214	2995469	1
3033791	3033791	1
3014150	361058	1
2984701	361058	3
2995988	360630	1
3037854	2988507	1
3023424	1566083	1
2979207	360630	1
2972971	359796	1
2986669	361058	1
6615539	361058	1
2983276	1848354	1
1848354	359796	1
2994798	361055	3
3018279	361055	1
2996944	3035681	1
2978893	361058	1
3031005	359796	1
3018179	361055	1
2969447	361055	2
3018794	361058	4
3027619	360630	1
3173435	361058	1
3036395	361058	1
2986495	358619	2
2997439	360630	1
359783	358269	1
358269	361058	1
2994617	2995469	1
2988507	359280	1
2997727	361058	1
2993383	358619	1
3016000	358619	1
3009901	361058	1
2998693	361058	1
3164603	360630	2
2977063	360630	2
2997329	361058	1
2997439	361058	1
3004775	361055	1
3037656	358619	1
3024651	361058	1
3021108	361055	1
2982994	2982994	1
2982994	359796	1
2987457	359796	1
3016871	361058	1
3015948	3028073	1
3028073	361058	1
2978985	360630	1
3037209	361058	1
2972647	361058	1
3020057	361058	1
2994160	2988507	1
2994052	360630	1
3018794	3018794	2
2975982	359796	1
3018794	347497	1
3026130	3026130	2
3026130	360630	1
3012664	361058	1
2992221	2992221	1
2992221	358619	1
2973783	3034506	1
3034506	361055	1
2994902	358619	1
2993586	362277	1
2971053	358619	1
2970288	360630	1
3009649	361058	2
2994617	361058	1
2994617	359796	1
2997439	2988507	1
2978138	359796	1
3020225	361058	1
2995469	3016702	1
6694627	2995469	2
3014477	359796	1
2988507	361661	1
170063	360630	2
6450181	360630	1
3030300	360630	3
3008825	2988507	1
2992624	2992624	1
2972203	360630	1
3005326	3005326	2
3005326	2972328	2
3936456	360630	1
3034475	358619	1
2983705	361058	1
3037540	360630	1
3015902	3037540	1
3037540	3015902	1
3015902	360630	1
3021127	358619	1
3008069	3008069	1
3008069	361058	1
5391959	361058	1
3011353	3011353	1
3011353	359796	1
3016330	358619	1
3027621	359796	1
3028333	359796	1
2986687	2986687	1
2986687	359796	1
2980108	360630	1
3036578	3036578	1
3036578	359796	1
2995493	359796	1
3018366	2977295	1
2977295	359796	1
2987111	360630	1
2967189	360630	1
2980916	361058	1
3035883	361055	1
3033382	361058	1
2988507	351481	1
3014717	3014717	1
3014717	360630	2
3021382	3021382	3
3021382	360630	1
1566083	1566083	1
2986699	2995469	1
2969194	361058	1
3018794	3003796	1
2979185	361055	1
2979185	360630	1
2979185	358619	1
2977495	361055	1
3018152	361058	1
3012315	360630	1
2985963	358619	1
2980111	358619	1
2925550	360630	1
2925550	2995469	1
3029462	359796	1
3030668	3030668	1
3030668	361058	1
2790471	361055	1
2992771	360630	1
2971482	361058	2
2990612	361058	1
2980108	2980108	1
2980108	359796	1
3020020	359796	1
2980438	3007053	1
3007053	361058	1
2986200	2986200	1
2986200	360630	1
3029162	360630	2
3025188	361058	1
2994126	361058	1
6616400	361058	1
2987863	359796	1
2986592	361058	1
3031801	358619	2
2980476	360630	1
6620229	358619	2
2507480	2510769	1
2510769	361058	2
2970860	2970860	1
2970860	361058	1
2998126	359783	1
2998540	3038354	1
3016194	361058	1
2506999	2485926	1
2989460	361058	3
3027422	3027422	1
3027422	359796	1
2980006	361058	1
2658989	361058	1
2990135	361055	2
3026625	361058	1
3024631	3024631	1
3024631	360630	1
2995339	360630	1
3022540	361055	1
3031020	358619	1
3024979	361058	1
3024787	359796	1
3180927	361058	1
6694584	358619	1
3026208	361058	1
2989317	361320	1
361320	361058	1
2979502	360630	1
3024297	2990683	1
2990683	361055	1
3036433	361055	3
3003616	1566083	1
3022530	360630	1
3016961	3022124	1
3022124	361058	1
2993240	361058	2
2507480	2988507	1
3014776	361055	3
2984718	358619	1
3001988	359796	1
3012649	361058	1
2984114	2988507	2
2997111	359796	1
3035396	360630	3
2985096	361058	2
3030772	361058	2
2986801	361055	1
2986801	359796	1
2981898	361058	1
3022600	2978992	1
2978992	360630	1
3022600	360630	1
3031133	358619	1
2994078	360630	1
2992266	361058	1
3029227	3029227	1
3029227	359796	1
3002722	361058	1
2977921	359796	2
3028341	361058	1
2985934	358619	1
2989569	360630	1
2997340	2472350	1
3029168	359796	1
3009223	2985143	1
2985143	361058	1
3023371	3027641	1
3027641	359796	1
2974348	361058	1
3025910	360630	1
2977741	2977741	1
2977741	359796	1
2973182	359796	1
2992360	361058	1
3022187	361058	1
2983661	361058	1
3037682	360630	1
2996944	3032635	1
3032635	361058	1
361058	2988507	1
524901	361058	1
3578682	2988507	1
2990919	2990919	1
2990919	359796	1
2987421	2987421	2
2987421	359796	2
6519553	360630	1
2981975	2981975	1
2981975	359796	1
3017868	361055	1
2969388	360630	1
3031089	360630	1
3029350	360630	1
2980006	360630	1
3036135	361058	1
2659496	360630	1
3034126	3034126	1
3034126	360630	3
798544	360630	1
3006211	3024635	1
3024635	359796	2
2986822	2995024	1
2995024	361058	2
3036418	359493	1
698740	361058	1
745044	262603	1
262603	361058	1
3011049	360630	1
3037167	2988507	1
2972857	361058	1
3037167	2995469	1
2995469	3037167	1
3037167	361058	1
3018231	3018231	1
3018231	361058	1
3021263	358619	1
3000473	359796	1
2978898	361058	1
3037287	3037287	1
3037287	360630	1
3006203	360630	1
2988063	361058	1
3177426	361058	1
6620214	358619	1
2977397	361058	1
2971971	359796	1
3018074	360610	1
2994029	2994029	1
2994029	361058	1
2981514	358619	1
3012715	359796	1
3033708	361058	1
2986495	2986495	1
2986495	361058	1
8285532	8285532	1
8285532	359796	1
3029563	3029563	1
3026130	361058	1
3029125	361058	1
2985947	361058	1
3015996	361058	1
3011385	361058	1
2993766	361058	1
935316	360630	1
298795	361058	1
3014392	2990969	1
2970634	359796	1
3034056	361058	1
2981263	361058	2
2973394	2973394	1
2973394	359796	1
2659994	360630	1
3010201	360610	1
6615358	361058	1
3024086	358619	1
3033976	3033976	1
3033976	361058	1
3009879	3009879	1
3009879	360630	1
2976895	361055	2
3005623	361055	1
3019942	3019942	1
3019942	359796	1
3005091	360630	1
3011563	359796	1
2970070	360630	1
2986541	361058	1
2968867	360630	1
2989887	2995469	1
2970408	361058	2
2986274	2986275	1
2986275	361058	1
2970408	2970408	1
3026221	3026221	1
3026221	359796	1
3031027	3008206	1
3008206	359796	2
2978801	2978801	1
2978801	361058	1
3037045	3020020	1
3020020	360630	1
2991318	360686	1
3036139	361055	3
3034926	361058	1
2991458	3171058	1
3004427	2995469	1
2974645	361058	1
3014699	361058	1
2969234	2969234	1
2969234	361058	1
3029227	358619	1
3018238	2994057	1
2994057	360630	1
6452941	361058	1
3181539	361058	1
361058	379252	2
2980669	360630	1
3012937	361058	1
2514301	360630	1
3007912	3033241	1
3033241	358619	1
2986253	2972328	1
2989506	358619	1
3031222	358619	1
3006751	361058	1
3036418	361058	3
3036784	361058	1
3037572	361058	1
3024967	360630	1
3014772	361058	1
2979798	2979798	1
2979798	361058	1
2977546	360630	1
2970489	360630	1
2983854	2983854	1
2983854	360630	1
3023476	361058	2
276781	2995469	1
2975314	2975314	1
2975314	359796	1
3008860	3008860	2
3008860	361058	2
2968545	361058	1
3018392	359796	1
3022540	360630	1
3016871	2987508	1
2987508	359796	1
2989569	359796	2
2997445	361058	1
3029213	359796	1
3035628	2996944	1
2996944	350767	1
3165185	360630	1
11396179	360630	1
3025132	361058	1
2980954	361058	1
3007609	361058	1
2800866	361058	1
2982384	359796	1
3034800	360630	1
3030098	361058	1
3038186	358619	1
3036957	360630	1
3017906	359796	1
3036112	2988507	1
3029094	361058	1
3028542	361058	1
2983207	361058	1
264371	361058	1
3004324	360630	1
2988329	361058	1
3024314	1566083	1
3014403	359796	1
3018679	361055	1
2979983	358619	1
3033534	361058	1
2986640	361058	1
3002446	360630	1
2993403	2977295	1
2991772	359796	1
2996268	361058	1
3021552	359796	1
3025053	1566083	1
2643743	361058	1
2979662	359796	1
2986750	2986750	1
2986750	359796	1
2970838	358619	1
3038334	2507480	1
361058	127486	2
2996944	358048	1
2981872	2981872	1
2981872	359796	1
3032574	3032574	1
3032574	360630	1
3018684	358619	1
3013249	3013249	1
3013249	359796	1
3023773	360630	1
3014224	361058	1
3034697	2990969	1
3016711	360630	1
3033625	359796	1
2981217	361058	1
2976375	2976375	1
2976375	361058	1
2977321	3032278	1
3032278	359796	1
2979693	360630	1
3012250	359796	1
2971868	2971868	1
2971868	361058	1
3173331	358619	1
3021889	361058	1
2998497	358619	1
2981041	361058	1
3031864	360630	1
3025551	359796	1
3028868	3028868	1
3028868	361058	1
3023244	361055	1
3005825	358619	1
2969366	2968054	1
2972772	360630	1
2990440	361055	1
2983694	2995469	1
2983369	359796	1
3036433	2995469	1
2970054	2995469	1
3021397	358619	1
3021397	361055	1
2975908	3014728	1
2976341	359796	1
2975798	2975798	1
2975798	359796	1
354365	361058	1
3009443	3009443	1
3009443	359796	1
3003544	358619	2
2969388	357994	1
2996217	360630	1
359173	360630	1
3170831	361058	1
2990141	2507480	1
3036326	361058	1
2981206	2996944	1
2978112	358619	1
2984516	358619	1
2968281	358619	1
3037263	3037263	1
3037263	360630	1
3024297	3024297	5
2874225	361058	1
2989914	361058	1
2988698	2988698	1
2988698	359796	1
3038266	361058	1
2990266	361058	1
2971874	358619	1
3033913	358619	1
3029883	360630	1
3038638	2992166	2
6694596	361058	1
2988507	360761	1
360761	360630	1
3011819	3011819	1
3011819	359796	1
3007262	3007263	1
3007263	361058	1
2994511	2994511	1
2994511	361058	1
2989200	1566083	1
2990969	2988507	1
2970075	361058	1
3008206	361058	1
2992722	358619	1
3024782	361058	1
3013500	3013500	1
3013500	359796	1
3001861	361058	1
2973991	359796	1
2973492	2973492	1
2973492	359796	1
2978356	361058	1
3012585	3012585	1
3012585	361058	1
3031801	361058	1
3020810	361058	1
2993081	2993081	1
2993081	359796	1
2996944	2989503	1
2989503	359796	1
3012713	3004029	1
3004029	359796	1
3005559	3005559	1
3005559	359796	1
3009879	361058	1
3038384	3038384	1
3038384	359796	1
2977645	358619	1
3217445	360630	1
3028966	3028966	1
3028966	361058	1
2991954	360630	1
3020720	745044	1
6426532	359796	1
3164603	3164603	1
3020894	359796	1
3030300	1566083	1
3018506	360630	1
2990325	2990325	1
2990325	359796	1
2994806	361055	1
12088643	361058	1
3002981	3002981	1
3002981	360630	1
2977387	360630	1
3006770	360630	2
2992292	2992292	1
2992292	359796	1
3012786	360630	1
3024440	360630	4
3007528	361055	1
3018032	361055	1
3024440	2988507	1
2988507	3024440	1
2996054	361058	1
2967695	2967695	1
2967695	360630	1
6299592	6299592	10
311046	3023517	1
3023517	361058	1
3038638	360610	1
2967378	361055	1
3021318	361058	1
3025045	2995469	1
3005915	2993002	1
2977496	361058	1
2973108	359796	1
3027235	359796	1
3027235	2996944	1
3173435	359796	1
3019391	3019391	1
3019391	361058	1
3029775	361058	1
2991214	2991214	2
3029355	3029355	1
3029355	359796	1
2464470	2988507	3
2473449	360630	1
2969722	360630	1
2983383	2995469	1
2981551	361058	1
3034870	361058	1
2981206	359796	1
2970016	359796	1
2974710	360630	1
3023536	361058	1
2999352	361058	1
2986640	3030300	1
2976996	359796	1
3035396	361058	2
3036022	358619	1
2985314	3036247	1
3036247	359796	1
3018238	358619	1
2968254	2507480	1
3723988	361058	1
2993920	358619	1
6615539	2995469	1
2989569	3031582	1
3036264	361058	1
3008636	359796	1
3015642	361058	1
3181928	358619	1
3181928	361055	1
3013120	361058	1
2968254	358619	1
3168609	359796	1
3035931	358619	1
3011270	358619	1
2978882	2978882	1
2978882	361058	1
2655603	360630	1
3175395	359796	1
2994963	361058	1
2984037	360630	1
3004427	361058	1
3022897	359796	1
2332143	360630	1
2525348	359796	1
2993240	2993240	1
3029213	360630	1
3028291	361058	1
3032592	361058	1
3036018	360630	1
7609695	358619	1
2990716	361058	1
361058	105343	1
105343	361058	1
2967108	2995469	1
3009289	361058	1
3003064	361058	1
2980104	361058	1
2988905	360630	1
2989317	360630	1
7609695	361058	1
6620229	6620229	1
3036426	361058	1
3032688	3032688	1
3032688	359796	1
2969477	358619	3
2980831	359796	1
2479536	359796	2
3023763	3023763	2
2496331	358048	1
10129148	361055	1
3009978	361058	2
2981983	358619	1
2507480	2972315	1
3033881	361055	1
3003544	3003544	1
3018174	358619	1
3035776	358619	1
3003045	361058	1
2996463	361058	1
3001191	3001191	1
3001191	360630	1
3024306	361058	1
3037021	360630	1
2990417	361058	1
3190261	361055	1
3037842	361058	1
2750405	361058	1
3018679	360630	1
2782113	361055	1
3014784	361058	1
2659836	358619	1
3030300	358048	2
2987421	2972315	1
2972315	359783	1
146400	360630	1
2978841	361058	1
2973385	2989187	1
2989187	361058	1
3018238	360630	1
3031924	360630	1
3031667	361058	1
3004835	2992422	1
2992422	361058	1
3025753	360630	1
2983276	2983276	1
2980170	361058	1
2997046	2997046	1
2997046	361058	1
3038638	359796	1
2998264	361058	1
2985947	2985947	1
2992263	358619	2
2998127	360630	1
2992263	2995469	1
2972315	2472350	1
2999683	358619	1
163843	170063	1
2987421	360630	1
10173619	360630	1
260114	360630	1
2986697	2986697	1
2986697	359796	1
3020251	359796	1
2986785	2986785	1
2986785	360630	1
3003148	358619	1
3038545	360630	1
2510769	3031582	1
3030142	359796	1
2988299	361058	1
2977880	2977880	1
2977880	360630	1
3034198	360630	1
2500583	358619	1
3021980	3021980	1
3021980	359796	1
2996700	361058	1
2967395	2967395	1
2967395	361058	1
3023506	3117735	1
3117735	361058	1
3067696	2988507	1
2980262	361058	1
3005735	3005735	1
3005735	361058	1
2495662	360630	2
2996180	358619	1
2514256	359796	1
6299502	360630	1
2660646	2995469	1
3031582	358619	1
2975382	2975382	1
2975382	359796	1
3015610	361058	1
3037072	361058	1
2973392	361058	1
3012022	360630	1
3024239	3024239	1
3024239	359796	1
3024239	360630	1
3026795	361058	1
3029974	358619	1
2996287	360630	1
3008861	358619	1
2973183	359493	1
359493	359796	1
2990244	2981754	1
2981754	359796	1
3027197	361058	1
2973783	361055	1
2975442	361058	1
2984250	2988507	1
3027857	360630	1
3032520	3032520	1
3032520	2988507	1
3032520	3005417	1
3183089	361058	1
3007998	360630	1
2989806	359796	1
3028542	358619	1
2994070	360630	1
3088825	360630	1
3033625	358619	1
2660632	358619	1
2984719	361058	1
3035522	358619	1
3012621	358619	1
3025724	358619	1
2986685	2986685	1
2986685	361058	1
2982875	361058	1
2968755	361058	1
3024635	2995469	1
2991695	361058	1
2993586	2993586	2
2993586	359796	1
3021382	2995469	2
2995469	3021382	1
361058	347497	1
347497	360630	1
2968910	2995469	1
2968910	361058	1
2976944	361058	1
3037543	2995469	1
3037543	359796	1
2993380	361058	1
2969804	359796	1
3018109	3038151	2
3038151	360630	2
3167777	361058	1
2971409	358619	1
2990363	360610	1
3031090	2996944	2
2972315	361055	2
3031090	351481	1
3031090	3031090	1
3031090	360630	1
2972083	359796	1
260114	361055	1
3037402	361058	1
3038498	360630	1
2246452	2968059	1
3025892	361058	1
2993586	361055	1
2968768	2968768	1
2968768	359796	1
3034126	361058	1
3014784	359796	1
2993502	358619	1
2999185	359796	1
3021993	359796	1
2976805	359796	1
3008909	361058	1
3037021	2988507	1
2968142	360630	1
2978782	3026637	1
3026637	360630	1
3005534	358619	1
3035498	2988507	1
2981304	361058	1
3035498	360630	1
2988801	360630	1
2967895	361058	1
2974689	361055	1
347196	361055	1
2972562	2972562	1
2972562	359796	1
3021129	361058	1
2969022	361058	2
2969022	2969022	1
2972695	361058	1
3021435	358619	1
2986824	360630	1
3037829	1566083	1
3035036	361058	1
3015298	361058	1
2998127	359796	1
6617811	6617811	1
6617811	360630	1
2990474	359796	1
3037543	3037543	1
3037543	2988507	1
3004427	357994	1
3026208	358869	1
358869	361058	1
2986694	359796	1
2994617	2994617	1
2977962	361058	1
2976125	2976125	2
2974197	358619	1
3114472	1566083	1
2998165	361058	1
3021767	361058	1
3019897	360630	1
2973927	361058	1
360821	361058	1
2981424	360630	1
3002633	358619	1
2978583	361058	1
3037891	360630	1
3016824	3038493	1
3038493	359796	1
2496331	361058	1
3010201	361058	1
6619423	3030564	1
3030564	361058	1
2986561	2986561	1
2997577	2972328	1
3019585	359796	1
6620214	6620214	1
6620214	359796	1
3012975	360630	1
2995854	361058	1
3032875	359796	1
2994935	2988507	1
2986682	2986682	1
2986682	359796	1
3031133	3031133	1
3012937	358619	1
2970679	2988507	1
3013173	361058	1
3027226	361058	2
2999259	361058	1
3003714	361058	2
2977915	2977921	1
2968768	361058	1
2990442	2990442	1
2990442	359796	1
3034939	361058	1
2971108	3025466	1
3019229	358619	1
2985706	361058	1
2986807	2983990	1
2983990	359796	1
311046	359796	1
3030264	2999683	1
2999683	359796	1
3024783	360630	1
3038100	2986816	1
2986816	359796	1
2988825	2988825	1
2988825	360630	1
3017219	360630	1
3014477	358619	2
2981767	361058	1
2974446	127486	1
2974162	2974162	1
2974162	359796	1
2977845	2977845	1
2977845	361058	1
2977845	361055	1
2976264	361058	1
3007783	359796	1
299817	360630	1
2972156	359796	1
2970187	360630	2
3020251	358619	1
2997936	359796	3
2997936	361055	1
2971258	361055	1
3038334	2972328	1
311046	2782113	1
2992030	361058	1
2992030	359796	1
2981453	3010025	1
3029162	3029162	1
3028347	360630	1
3033363	3033363	1
3033363	359796	1
3169070	359796	1
2499193	2499193	1
3021372	361055	1
1585330	361058	1
2993708	359796	1
3018903	360630	2
3018903	3018903	1
2990969	2990969	1
2992842	361058	1
2979792	360630	1
3017789	359796	1
3029162	358619	1
2747891	360630	1
2984718	361058	1
2987651	361058	1
2977645	361058	1
3034064	359796	1
3038217	358619	1
2497298	361058	1
3005326	3005825	2
3005825	3005326	2
3020761	359796	1
2968765	2968748	1
3032833	361055	1
2988507	6529336	1
6529336	360630	1
3019293	359796	1
2987577	2987577	1
2987577	359796	1
2996944	2495662	1
2992144	361058	1
3028322	358619	1
2993875	359796	1
2977922	361058	1
3038459	360630	1
2968755	361055	1
3026637	361058	1
3019299	361058	1
2979185	361058	1
3007939	361058	1
3005731	361058	1
2984699	360630	1
2979985	2979985	1
2979985	361058	1
3032214	361058	1
3003991	361058	2
3003991	2472350	1
3009017	358619	1
2968755	358619	1
2973030	360630	1
2978942	361058	1
2978125	361058	1
2972315	2988667	1
2988667	360630	1
2969291	1566083	1
3010315	2988507	1
3017294	361058	1
2980808	2980808	1
2980808	361058	1
2992391	361058	1
2981492	361058	1
2969441	361058	1
2990882	361058	1
2969401	361058	1
2983489	2983489	1
2983489	361058	2
3038448	361058	1
3012732	3012732	1
3012732	361058	1
2982652	358619	1
2980265	359796	1
3038638	361055	1
3030101	360630	1
2986501	360630	1
2988063	360630	1
2972467	358619	2
3020989	361058	1
2991481	358619	1
2523630	361058	1
2969213	361058	1
3036557	358619	1
2972214	2972214	2
2972214	360630	2
3028431	2995469	1
2981206	2969392	1
2992827	360630	1
3012465	361058	1
2658276	360630	1
2975446	360630	1
3006787	359796	1
2981026	361058	1
2967870	360630	1
3017382	3017382	1
3030120	360630	1
3031086	2988507	1
2978185	358619	1
2982134	359796	1
3003796	359796	1
3034868	3034868	1
3034868	359796	1
2995469	2991214	1
2977129	361058	1
2790150	360630	1
2990615	360630	1
2975445	359796	1
696646	358619	1
2523650	361058	4
2523650	2523650	1
2787378	361058	1
3019812	3019812	1
3019812	359796	1
3013216	3013216	1
3013216	359796	1
2990969	361055	1
2967918	2967920	1
3035498	3035498	1
3037310	358619	2
3037708	361058	1
2989807	2989807	1
2989807	359796	1
2995469	3006414	1
2485926	358683	1
3007972	359796	1
2973698	2973698	1
2973698	359796	1
2991227	360630	1
361055	358048	1
2975470	358619	1
369103	360630	3
2994106	3025821	1
3025821	359796	1
2524566	360630	1
148730	359796	1
337996	361058	1
